{
  "Choosing the Flights" : {
    "transaction" : "Choosing the Flights",
    "sampleCount" : 50,
    "errorCount" : 0,
    "errorPct" : 0.0,
    "meanResTime" : 287.17999999999995,
    "medianResTime" : 264.0,
    "minResTime" : 224.0,
    "maxResTime" : 621.0,
    "pct1ResTime" : 359.9,
    "pct2ResTime" : 466.3999999999993,
    "pct3ResTime" : 621.0,
    "throughput" : 0.8766700564575516,
    "receivedKBytesPerSec" : 5.750852835589297,
    "sentKBytesPerSec" : 0.8569792251113371
  },
  "Total" : {
    "transaction" : "Total",
    "sampleCount" : 200,
    "errorCount" : 0,
    "errorPct" : 0.0,
    "meanResTime" : 333.72,
    "medianResTime" : 303.5,
    "minResTime" : 218.0,
    "maxResTime" : 1346.0,
    "pct1ResTime" : 470.8000000000003,
    "pct2ResTime" : 608.2499999999995,
    "pct3ResTime" : 1161.2100000000016,
    "throughput" : 1.2463000467362517,
    "receivedKBytesPerSec" : 7.482680810873968,
    "sentKBytesPerSec" : 1.1991378135223556
  },
  "Choosing the Cities" : {
    "transaction" : "Choosing the Cities",
    "sampleCount" : 50,
    "errorCount" : 0,
    "errorPct" : 0.0,
    "meanResTime" : 261.9599999999999,
    "medianResTime" : 251.5,
    "minResTime" : 218.0,
    "maxResTime" : 488.0,
    "pct1ResTime" : 290.8,
    "pct2ResTime" : 353.7999999999997,
    "pct3ResTime" : 488.0,
    "throughput" : 4.857198367981349,
    "receivedKBytesPerSec" : 34.78873463911016,
    "sentKBytesPerSec" : 4.525163323295123
  },
  "Filling the Payment Information" : {
    "transaction" : "Filling the Payment Information",
    "sampleCount" : 50,
    "errorCount" : 0,
    "errorPct" : 0.0,
    "meanResTime" : 335.1000000000001,
    "medianResTime" : 325.0,
    "minResTime" : 238.0,
    "maxResTime" : 861.0,
    "pct1ResTime" : 380.79999999999995,
    "pct2ResTime" : 396.9,
    "pct3ResTime" : 861.0,
    "throughput" : 0.511587455875582,
    "receivedKBytesPerSec" : 2.888870414897427,
    "sentKBytesPerSec" : 0.5735374993605157
  },
  "Opening the Website" : {
    "transaction" : "Opening the Website",
    "sampleCount" : 50,
    "errorCount" : 0,
    "errorPct" : 0.0,
    "meanResTime" : 450.6400000000001,
    "medianResTime" : 356.5,
    "minResTime" : 274.0,
    "maxResTime" : 1346.0,
    "pct1ResTime" : 636.4,
    "pct2ResTime" : 1064.5499999999993,
    "pct3ResTime" : 1346.0,
    "throughput" : 28.409090909090907,
    "receivedKBytesPerSec" : 132.00572620738637,
    "sentKBytesPerSec" : 23.248845880681817
  }
}